<?xml version="1.0" encoding="UTF-8" standalone="yes"?>
<scenario id="{E08F713C-2719-4974-B2F8-4A603E0465FC}" instanceId="{60D722D2-7326-49E2-9AAD-5EF5FA6FB125}" apidriven="1">
  <triggers />
  <metadata_elements>
    <metadata name="_isacon" value="1" />
    <metadata name="_iscontinuumsessionactive" value="0" />
    <metadata name="_isescalationinprogress" value="1" />
    <metadata name="_iskerneldebuggerpresent" value="0" />
    <metadata name="_lastapplicationinstalltime" value="0" />
    <metadata name="_lastboottime" value="132183387955000000" />
    <metadata name="_lastdevicearrivalremovaltime" value="132186602136309224" />
    <metadata name="_lastlogontime" value="132183388380808332" />
    <metadata name="_lastpowersourcechangetime" value="0" />
    <metadata name="_lastresumefromhibernatetime" value="0" />
    <metadata name="_lastresumefromstandbytime" value="0" />
    <metadata name="_lastsuccessfulrefreshtime" value="0" />
    <metadata name="_lastunlocktime" value="132191668077646563" />
    <metadata name="_timesinceosinstall" value="68774457988519" />
  </metadata_elements>
</scenario>