{"escalation":{"metadata":{"scenario":{"id":"E08F713C-2719-4974-B2F8-4A603E0465FC","instanceid":"60D722D2-7326-49E2-9AAD-5EF5FA6FB125","escalationtype":"complete"},"onetrace":{"owned":false,"throttled":false,"loggernames":[]},"summary":{"totaldurationticksms":1781,"totaldurationubims":1786}},"actions":[{"staticinfo":{"ty":5,"n":"get info T0FolderPath","pt":"$(T0,FolderPath)"},"source":0,"ignorefailure":false,"dynamicinfo":{"files":[{"name":"get info T0FolderPath\\{3966a755-8ae3-408b-8d8a-ccb34bd89aa3}\\UIF_FeedbackItem.json","type":65535},{"name":"get info T0FolderPath\\{3966a755-8ae3-408b-8d8a-ccb34bd89aa3}\\UIF_SubmissionId.txt","type":65535}]},"result":0,"durationticksms":0,"durationubims":9},{"staticinfo":{"ty":19,"n":"Snap Trace GMD","ph":2252789712117},"source":0,"ignorefailure":false,"dynamicinfo":{"files":[{"name":"Snap Trace GMD\\trace.etl","type":2},{"name":"Snap Trace GMD\\WPR_initiated_DiagTrackAlternativeLogger_DiagTrack_cbc9ce8842c74b7dae67abec03afc6fd_0.etl","type":2}]},"result":0,"durationticksms":1734,"durationubims":1725},{"staticinfo":{"ty":28,"n":"Stop Trace GMD","tid":"C857A05E-E95C-4168-96A5-93E7943C0F72","ph":2252789712117},"source":0,"ignorefailure":false,"dynamicinfo":{},"result":0,"durationticksms":47,"durationubims":52}]}}